-- phpMyAdmin SQL Dump
-- version 4.8.5
-- https://www.phpmyadmin.net/
--
-- Host: 127.0.0.1
-- Generation Time: Jun 03, 2021 at 05:43 PM
-- Server version: 10.1.39-MariaDB
-- PHP Version: 7.3.5

SET SQL_MODE = "NO_AUTO_VALUE_ON_ZERO";
SET AUTOCOMMIT = 0;
START TRANSACTION;
SET time_zone = "+00:00";


/*!40101 SET @OLD_CHARACTER_SET_CLIENT=@@CHARACTER_SET_CLIENT */;
/*!40101 SET @OLD_CHARACTER_SET_RESULTS=@@CHARACTER_SET_RESULTS */;
/*!40101 SET @OLD_COLLATION_CONNECTION=@@COLLATION_CONNECTION */;
/*!40101 SET NAMES utf8mb4 */;

--
-- Database: `db_classfinder`
--

-- --------------------------------------------------------

--
-- Table structure for table `class`
--

CREATE TABLE `class` (
  `id` int(1) NOT NULL,
  `class_name` varchar(17) DEFAULT NULL
) ENGINE=InnoDB DEFAULT CHARSET=utf8;

--
-- Dumping data for table `class`
--

INSERT INTO `class` (`id`, `class_name`) VALUES
(1, 'มัธยมศึกษาปีที่ 1'),
(2, 'มัธยมศึกษาปีที่ 2'),
(3, 'มัธยมศึกษาปีที่ 3'),
(4, 'มัธยมศึกษาปีที่ 4'),
(5, 'มัธยมศึกษาปีที่ 5'),
(6, 'มัธยมศึกษาปีที่ 6');

-- --------------------------------------------------------

--
-- Table structure for table `course`
--

CREATE TABLE `course` (
  `id` int(11) NOT NULL,
  `code` varchar(6) DEFAULT NULL,
  `course` varchar(100) DEFAULT NULL,
  `section` varchar(5) DEFAULT NULL,
  `class` int(1) DEFAULT NULL
) ENGINE=InnoDB DEFAULT CHARSET=utf8;

--
-- Dumping data for table `course`
--

INSERT INTO `course` (`id`, `code`, `course`, `section`, `class`) VALUES
(1, 'ท21101', 'ภาษาไทย', '2', 1),
(2, 'ค21101', 'คณิตศาสตร์', '3', 1),
(3, 'ว21101', 'วิทยาศาสตร์พื้นฐาน', '4', 1),
(4, 'ว21103', 'เทคโนโลยีและวิทยาการคำนวณ', '4', 1),
(5, 'ส21101', 'สังคมศึกษา', '5', 1),
(6, 'ส21103', 'ประวัติศาสตร์', '5', 1),
(7, 'พ21101', 'สุขศึกษา', '6', 1),
(8, 'พ21103', 'พลศึกษา (ยืดหยุ่น)', '6', 1),
(9, 'ศ21101', 'ศิลปะ(ดนตรีสากล)', '7', 1),
(10, 'ศ21102', 'ศิลปะ(ดนตรีไทย)', '7', 1),
(11, 'ศ21103', 'ศิลปะ(ทัศนศิลป์)', '7', 1),
(12, 'ศ21104', 'ศิลปะ(นาฏศิลป์)', '7', 1),
(13, 'ง21101', 'การงานอาชีพ', '8', 1),
(14, 'อ21101', 'ภาษาอังกฤษ', '9', 1),
(15, 'ว21283', 'วิทยาศาสตร์สิ่งแวดล้อม', '4', 1),
(16, 'ว21285', 'ทักษะความสามารถทางวิทยาศาสตร์', '4', 1),
(17, 'ค21201', 'คณิตศาสตร์เพิ่มเติม', '3', 1),
(18, 'ค21211', 'คณิตศาสตร์สู่สากล', '3', 1),
(19, 'ส20231', 'หน้าที่พลเมือง31', '10', 1),
(20, 'ส21201', 'สังคมท้องถิ่น', '5', 1),
(21, 'อ21201', 'ภาษาอังกฤษรอบรู้', '9', 1),
(22, 'อ21211', 'สนทนาภาษาอังกฤษ', '9', 1),
(23, 'จ21201', 'ภาษาจีน', '9', 1),
(24, 'ก21901', 'แนะแนว', '10', 1),
(25, 'ก21903', 'ลูกเสือ-เนตรนารี', '10', 1),
(26, 'ก21905', 'กิจกรรมตามความถนัด', '10', 1),
(27, 'ก21907', 'กิจกรรมเพื่อสังคม', '10', 1),
(28, 'ก21909', 'สนทนาภาษาจีน', '9', 1),
(29, 'ท22101', 'ภาษาไทย', '2', 2),
(30, 'ค22101', 'คณิตศาสตร์', '3', 2),
(31, 'ว22101', 'วิทยาศาสตร์พื้นฐาน', '4', 2),
(32, 'ว22103', 'เทคโนโลยีและวิทยาการคำนวณ', '4', 2),
(33, 'ส22101', 'สังคมศึกษา', '5', 2),
(34, 'ส22103', 'ประวัติศาสตร์', '5', 2),
(35, 'พ22101', 'สุขศึกษา', '6', 2),
(36, 'พ22103', 'พลศึกษา (กรีฑา 1)', '6', 2),
(37, 'ศ22101', 'ศิลปะ(ดนตรีสากล)', '7', 2),
(38, 'ศ22102', 'ศิลปะ(ดนตรีไทย)', '7', 2),
(39, 'ศ22103', 'ศิลปะ(ทัศนศิลป์)', '7', 2),
(40, 'ศ22104', 'ศิลปะ(นาฏศิลป์)', '7', 2),
(41, 'ง22101', 'งานเกษตรพื้นฐาน', '8', 2),
(42, 'อ22101', 'ภาษาอังกฤษ', '8', 2),
(43, 'ว22281', 'สะเต็มศึกษา1', '4', 2),
(44, 'ว22285', 'ทักษะความสามารถทางวิทยาศาสตร์', '4', 2),
(45, 'ค22201', 'คณิตศาสตร์เพิ่มเติม', '3', 2),
(46, 'ค22211', 'คณิตศาสตร์สู่สากล', '3', 2),
(47, 'ส20233', 'หน้าที่พลเมือง33', '10', 2),
(48, 'อ22201', 'ภาษาอังกฤษรอบรู้', '9', 2),
(49, 'อ22211', 'สนทนาภาษาอังกฤษ', '9', 2),
(50, 'จ22201', 'ภาษาจีน', '9', 2),
(51, 'IS1', 'การศึกษาค้นคว้าฯ การสื่อสาร', '10', 2),
(52, 'IS2', 'การศึกษาค้นคว้าฯ การสื่อสาร', '10', 2),
(53, 'ก22901', 'แนะแนว', '10', 2),
(54, 'ก22903', 'ลูกเสือ-เนตรนารี', '10', 2),
(55, 'ก22905', 'กิจกรรมตามความถนัด', '10', 2),
(56, 'ก22907', 'กิจกรรมเพื่อสังคม', '10', 2),
(57, 'ก22909', 'ภาษาจีนสนทนา', '9', 2),
(58, 'ท23101', 'ภาษาไทย', '2', 3),
(59, 'ค23101', 'คณิตศาสตร์พื้นฐาน', '3', 3),
(60, 'ว23101', 'วิทยาศาสตร์พื้นฐาน', '4', 3),
(61, 'ว23103', 'เทคโนโลยีและวิทยาการคำนวณ', '4', 3),
(62, 'ส23101', 'สังคมศึกษา ศาสนา\nและวัฒนธรรม', '5', 3),
(63, 'ส23103', 'ประวัติศาสตร์ ', '5', 3),
(64, 'พ23101', 'สุขศึกษา', '6', 3),
(65, 'พ23103', 'บาสเกตบอล 1', '6', 3),
(66, 'ศ23101', 'ศิลปะพื้นฐาน(ดนตรีสากล)', '7', 3),
(67, 'ศ23102', 'ศิลปะพื้นฐาน(ดนตรีไทย)', '7', 3),
(68, 'ศ23103', 'ศิลปะพื้นฐาน(ทัศนศิลป์)', '7', 3),
(69, 'ศ23104', 'ศิลปะพื้นฐาน(นาฏศิลป์)', '7', 3),
(70, 'ง23101', 'งานช่างพื้นฐาน', '8', 3),
(71, 'อ23101', 'ภาษาอังกฤษ', '9', 3),
(72, 'ค23201', 'คณิตศาสตร์เพิ่มเติม', '3', 3),
(73, 'ค23211', 'คณิตศาสตร์สู่สากล', '3', 3),
(74, 'ว23285', 'ทักษะความสามารถทางวิทยาศาสตร์', '4', 3),
(75, 'ส20235', 'หน้าที่พลเมือง 35', '10', 3),
(76, 'อ23211', 'สนทนาภาษาอังกฤษ', '9', 3),
(77, 'อ23201', 'ภาษาอังกฤษรอบรู้', '9', 3),
(78, 'จ23201', 'ภาษาจีน', '9', 3),
(79, 'ก23901', 'แนะแนว', '10', 3),
(80, 'ก23903', 'ลูกเสือ-เนตรนารี', '10', 3),
(81, 'ก23905', 'กิจกรรมตามความถนัด', '10', 3),
(82, 'ก23907', 'กิจกรรมเพื่อสังคมและสาธารณประโยชน์', '10', 3),
(83, 'ก23909', 'สนทนาภาษาจีน', '9', 3),
(84, 'ท31101', 'ภาษาไทย', '2', 4),
(85, 'ค31101', 'คณิตศาสตร์พื้นฐาน', '3', 4),
(86, 'ว31103', 'วิทยาศาสตร์ (ชีววิทยา)', '4', 4),
(87, 'ว31102', 'วิทยาศาสตร์ (เคมี)', '4', 4),
(88, 'ว31105', 'เทคโนโลยีและวิทยาการคำนวณ', '4', 4),
(89, 'ส31101', 'หน้าที่พลเมืองและการดำรงชีวิต', '10', 4),
(90, 'พ31101', 'สุขศึกษา', '6', 4),
(91, 'ศ31101', 'ศิลปะ(ทัศนศิลป์) ', '7', 4),
(92, 'ศ31102', 'ศิลปะ(นาฏศิลป์)', '7', 4),
(93, 'ง31101', 'การงานอาชีพ', '8', 4),
(94, 'อ31101', 'ภาษาอังกฤษ', '9', 4),
(95, 'ว31201', 'ฟิสิกส์', '4', 4),
(96, 'ว31241', 'ชีววิทยา', '4', 4),
(97, 'ว31221', 'เคมี', '4', 4),
(98, 'ว31261', 'โลก ดาราศาสตร์และอวกาศ', '4', 4),
(99, 'ว31283', 'ทักษะความสามารถทางวิทยาศาสตร์', '4', 4),
(100, 'ค31201', 'คณิตศาสตร์เพิ่มเติม', '3', 4),
(101, 'ค31203', 'คณิตศาสตร์พื้นฐานวิศกรรม', '3', 4),
(102, 'ค31211', 'คณิตศาสตร์สู่สากล', '3', 4),
(103, 'พ31201', 'พลศึกษา (ฟุตซอล1)', '6', 4),
(104, 'ส30231', 'หน้าทีพลเมือง41', '10', 4),
(105, 'อ31221', 'ภาษาอังกฤษเพื่อการสื่อสาร', '9', 4),
(106, 'อ31211', 'สนทนาภาษาอังกฤษ', '9', 4),
(107, 'อ31231', 'ภาษาอังกฤษอ่าน-เขียน', '9', 4),
(108, 'จ31201', 'ภาษาจีน', '9', 4),
(109, 'จ31211', 'สนทนาภาษาจีน', '9', 4),
(110, 'จ31231', 'ภาษาจีนเพื่ออาชีพ', '9', 4),
(111, 'ง31215', 'พื้นฐานการถ่ายภาพ', '8', 4),
(112, 'ง31217', 'เทคโนโลยีสื่อสารในงานมัลติมีเดีย', '8', 4),
(113, 'ง31251', 'การเขียนแบบทางวิศวกรรมเบื้องต้น', '8', 4),
(114, 'ง31253', 'ปฏิบัติการเขียนแบบทางวิศวกรรมเบื้องต้น', '8', 4),
(115, 'ง31273', 'ศิลปะภาพร่างเพื่อการออกแบบ', '8', 4),
(116, 'ง31275', 'ปฏิบัติการศิลปะภาพร่างเพื่อการออกแบบ', '8', 4),
(117, 'ง31231', 'การจัดการธุรกิจ1', '8', 4),
(118, 'ก31901', 'แนะแนว', '10', 4),
(119, 'ก31903', 'กิจกรรมตามความสนใจ', '10', 4),
(120, 'ก31905', 'กิจกรรมเพื่อสังคมฯ', '10', 4),
(121, 'ท32101', 'ภาษาไทย', '2', 4),
(122, 'ค32101', 'คณิตศาสตร์', '3', 4),
(123, 'ว32101', 'วิทยาศาสตร์ (ฟิสิกส์)', '4', 4),
(124, 'ว32102', 'วิทยาศาสตร์ (เคมี)', '4', 4),
(125, 'ว32105', 'เทคโนโลยีและวิทยาการคำนวณ', '4', 4),
(126, 'ส32101', 'ศาสนา ศีลธรรม จริยธรรม', '5', 4),
(127, 'ส32103', 'ภูมิศาสตร์', '5', 4),
(128, 'พ32101', 'สุขศึกษา', '6', 4),
(129, 'พ32201', 'พลศึกษา (แอโรบิก 1)', '6', 4),
(130, 'ศ32101', 'ศิลปะ(ทัศนศิลป์) (ห้อง 1-4)', '7', 4),
(131, 'ศ32102', 'ศิลปะ(นาฏศิลป์) (ห้อง 5-8)', '7', 4),
(132, 'ง32102', 'งานบ้านพื้นฐาน', '8', 4),
(133, 'อ32101', 'ภาษาอังกฤษ', '8', 4),
(134, 'ว32203', 'ฟิสิกส์', '4', 5),
(135, 'ว32223', 'เคมี', '4', 5),
(136, 'ว32243', 'ชีววิทยา', '4', 5),
(137, 'ว32263', 'โลก ดาราศาสตร์และอวกาศ', '4', 5),
(138, 'ว32285', 'ทักษะความสามารถทางวิทยาศาสตร์', '4', 5),
(139, 'ค32201', 'คณิตศาสตร์เพิ่มเติม', '3', 5),
(140, 'ค32203', 'คณิตศาสตร์พื้นฐานวิศกรรม', '3', 5),
(141, 'ค32211', 'คณิตศาสตร์สู่สากล', '3', 5),
(142, 'ส30233', 'หน้าที่พลเมือง43', '10', 5),
(143, 'อ32231', 'ภาษาอังกฤษเพื่ออาชีพ', '9', 5),
(144, 'อ32211', 'สนทนาภาษาอังกฤษ', '9', 5),
(145, 'อ32233', 'ภาษาอังกฤษอ่าน-เขียน', '9', 5),
(146, 'จ32201', 'ภาษาจีน', '9', 5),
(147, 'จ32205', 'ภาษาจีนท่องเที่ยว', '9', 5),
(148, 'จ32211', 'สนทนาภาษาจีน', '9', 5),
(149, 'ง32215', 'เทคนิคการถ่ายภาพด้วยกล้องสะท้อนเลนส์เดี่ยว', '8', 5),
(150, 'ง32217', 'เทคนิคการใช้แสง', '8', 5),
(151, 'ง32251', 'พื้นฐานทางวิศวกรรม', '8', 5),
(152, 'ง32253', 'ปฏิบัติการพื้นฐานทางวิศวกรรม', '8', 5),
(153, 'ง32273', 'การออกแบบทางสถาปัตยกรรมเบื้องต้น', '8', 5),
(154, 'ง32275', 'ปฏิบัติการออกแบบทางสถาปัตยกรรมเบื้องต้น', '8', 5),
(155, 'ง32231', 'การจัดการธุรกิจการค้าสมัยใหม่1', '8', 5),
(156, 'IS 1', ' การศึกษาค้นคว้าฯ', '10', 5),
(157, 'IS 2', ' การสื่อสารและการนำเสนอ', '10', 5),
(158, 'ท33101', 'ภาษาไทย', '2', 6),
(159, 'ค33101', 'คณิตศาสตร์', '3', 6),
(160, 'ว33104', 'โลก ดาราศาสตร์และอวกาศ', '4', 6),
(161, 'ว33105', 'เทคโนโลยีและวิทยาการคำนวณ', '4', 6),
(162, 'ส33101', 'ประวัติศาสตร์', '5', 6),
(163, 'ส33103', 'ประวัติศาสตร์ไทย', '5', 6),
(164, 'พ33101', 'สุขศึกษาและพลศึกษา', '6', 6),
(165, 'ศ33101', 'ศิลปะ (ดนตรีสากล)', '7', 6),
(166, 'ศ33102', 'ศิลปะ(ดนตรีไทย)', '7', 6),
(167, 'ง33102', 'งานประดิษฐ์พื้นฐาน', '8', 6),
(168, 'อ33101', 'ภาษาอังกฤษ', '9', 6),
(169, 'ท33201', 'หลักภาษาเพื่อการสื่อสาร 1', '2', 6),
(170, 'ค33201', 'คณิตศาสตร์', '3', 6),
(171, 'ค33203', 'คณิตศาสตร์ (วิศวกรรม)', '3', 6),
(172, 'ค33211', 'คณิตศาสตร์สู่สากล', '3', 6),
(173, 'ว33205', 'ฟิสิกส์', '4', 6),
(174, 'ว33225', 'เคมี', '4', 6),
(175, 'ว33245', 'ชีววิทยา', '4', 6),
(176, 'ว33281', 'ทักษะปฏิบัติการฟิสิกส์ 1', '4', 6),
(177, 'ว33261', 'โลก ดาราศาสตร์และอวกาศ', '4', 6),
(178, 'ว33283', 'วิทยาศาสตร์สู่สากล', '4', 6),
(179, 'อ33205', 'ภาษาอังกฤษเพื่อการท่องเที่ยว', '9', 6),
(180, 'อ33211', 'สนทนาภาษาอังกฤษ', '9', 6),
(181, 'จ33201', 'ภาษาจีน', '9', 6),
(182, 'จ33241', 'ภาษาจีนธุรกิจ', '9', 6),
(183, 'จ33211', 'สนทนาภาษาจีน', '9', 6),
(184, 'ง33215', 'การถ่ายภาพเพื่อการประชาสัมพันธ์', '8', 6),
(185, 'ง33217', 'การถ่ายภาพเพื่อการประกวด', '8', 6),
(186, 'ง33251', 'พื้นฐานทางวิศวกรรมโยธา', '8', 6),
(187, 'ง33253', 'ปฏิบัติการพื้นฐานทางวิศวกรรมโยธา', '8', 6),
(188, 'ง33273', 'การเขียนแบบด้วยคอมพิวเตอร์', '8', 6),
(189, 'ง33275', 'ปฏิบิตการเขียนแบบด้วยคอมพิวเตอร์', '8', 6),
(190, 'ง33231', 'ธุรกิจการค้าสมัยใหม่ 3', '8', 6),
(191, 'พ33201', 'พลศึกษา (ตะกร้อ)', '6', 6),
(192, 'ก33901', 'แนะแนว', '10', 6),
(193, 'ก33903', 'กิจกรรมตามความถนัด', '10', 6),
(194, 'ก33905', 'กิจกรรมเพื่อสังคมและสาธารณประโยชน์', '10', 6),
(195, 'ก33913', 'ส่งเสริมความรู้สู่ O-NET', '10', 6);

-- --------------------------------------------------------

--
-- Table structure for table `dataadmin`
--

CREATE TABLE `dataadmin` (
  `id` int(11) NOT NULL,
  `username` varchar(255) NOT NULL,
  `passlogin` varchar(255) NOT NULL,
  `name` varchar(255) DEFAULT NULL
) ENGINE=InnoDB DEFAULT CHARSET=utf8;

--
-- Dumping data for table `dataadmin`
--

INSERT INTO `dataadmin` (`id`, `username`, `passlogin`, `name`) VALUES
(1, 'admin', 'p@ssw0rd', 'ผู้ดูแลระบบ1');

-- --------------------------------------------------------

--
-- Table structure for table `data_logo`
--

CREATE TABLE `data_logo` (
  `id` int(11) NOT NULL,
  `icon_school` varchar(255) DEFAULT NULL
) ENGINE=InnoDB DEFAULT CHARSET=utf8;

--
-- Dumping data for table `data_logo`
--

INSERT INTO `data_logo` (`id`, `icon_school`) VALUES
(1, 'icon_school.png');

-- --------------------------------------------------------

--
-- Table structure for table `data_logo_login`
--

CREATE TABLE `data_logo_login` (
  `id` int(11) NOT NULL,
  `logo_school` varchar(255) DEFAULT NULL
) ENGINE=InnoDB DEFAULT CHARSET=utf8;

--
-- Dumping data for table `data_logo_login`
--

INSERT INTO `data_logo_login` (`id`, `logo_school`) VALUES
(1, 'logo_school.png');

-- --------------------------------------------------------

--
-- Table structure for table `data_system`
--

CREATE TABLE `data_system` (
  `id` int(11) NOT NULL,
  `school_name` varchar(255) DEFAULT NULL
) ENGINE=InnoDB DEFAULT CHARSET=utf8;

--
-- Dumping data for table `data_system`
--

INSERT INTO `data_system` (`id`, `school_name`) VALUES
(1, 'โรงเรียนรัตนาธิเบศร์');

-- --------------------------------------------------------

--
-- Table structure for table `homeroom`
--

CREATE TABLE `homeroom` (
  `id` int(11) NOT NULL,
  `regid` varchar(13) DEFAULT NULL,
  `class` int(1) DEFAULT NULL,
  `room` int(2) DEFAULT NULL,
  `homeroom_line_par` varchar(200) DEFAULT NULL,
  `homeroom_line_stu` varchar(200) DEFAULT NULL,
  `homeroom_gg` varchar(200) DEFAULT NULL,
  `savedate` varchar(10) DEFAULT NULL,
  `savetime` varchar(8) DEFAULT NULL
) ENGINE=InnoDB DEFAULT CHARSET=utf8;

--
-- Dumping data for table `homeroom`
--

INSERT INTO `homeroom` (`id`, `regid`, `class`, `room`, `homeroom_line_par`, `homeroom_line_stu`, `homeroom_gg`, `savedate`, `savetime`) VALUES
(2, '1122334455667', 4, 8, 'https://line.me/R/ti/g/OwpF2VpD52', 'https://line.me/R/ti/g/OwpF2VpD52', '', '24/05/2021', '24/05/20');

-- --------------------------------------------------------

--
-- Table structure for table `room`
--

CREATE TABLE `room` (
  `id` int(2) NOT NULL,
  `room_name` varchar(2) NOT NULL
) ENGINE=InnoDB DEFAULT CHARSET=utf8;

--
-- Dumping data for table `room`
--

INSERT INTO `room` (`id`, `room_name`) VALUES
(1, '1'),
(2, '2'),
(3, '3'),
(4, '4'),
(5, '5'),
(6, '6'),
(7, '7'),
(8, '8'),
(9, '9'),
(10, '10');

-- --------------------------------------------------------

--
-- Table structure for table `subject`
--

CREATE TABLE `subject` (
  `id` int(11) NOT NULL,
  `regid` varchar(13) DEFAULT NULL,
  `subject_id` int(3) DEFAULT NULL,
  `class` int(1) DEFAULT NULL,
  `room` int(2) DEFAULT NULL,
  `fb` varchar(200) DEFAULT NULL,
  `line` varchar(200) DEFAULT NULL,
  `gg` varchar(200) DEFAULT NULL,
  `savedate` varchar(10) DEFAULT NULL,
  `savetime` varchar(8) DEFAULT NULL
) ENGINE=InnoDB DEFAULT CHARSET=utf8;

--
-- Dumping data for table `subject`
--

INSERT INTO `subject` (`id`, `regid`, `subject_id`, `class`, `room`, `fb`, `line`, `gg`, `savedate`, `savetime`) VALUES
(15, '1122334455667', 51, 5, 5, '', 'https://line.me/R/ti/g/RTCeyMwa6Q', 'https://classroom.google.com/u/0/c/MzQyODU2Nzk1NjI5', '24/05/2021', '24/05/20'),
(16, '1122334455667', 88, 4, 1, '', 'https://line.me/R/ti/g/RTCeyMwa6Q', '', '24/05/2021', '24/05/20');

-- --------------------------------------------------------

--
-- Table structure for table `teacher`
--

CREATE TABLE `teacher` (
  `id` int(11) NOT NULL,
  `regid` varchar(13) DEFAULT NULL,
  `name` varchar(100) DEFAULT NULL,
  `section` varchar(5) DEFAULT NULL,
  `class` int(1) DEFAULT NULL,
  `room` int(2) DEFAULT NULL
) ENGINE=InnoDB DEFAULT CHARSET=utf8;

--
-- Dumping data for table `teacher`
--

INSERT INTO `teacher` (`id`, `regid`, `name`, `section`, `class`, `room`) VALUES
(1, '3419900275161', 'นายนาวี ทรัพย์ห่วง', '1', 1, 1),
(2, '3320200331665', 'นางสาวจันทร์เพ็ญ บุญกล้า', '1', NULL, NULL),
(3, '1310700086582', 'นางสาวมุทิตา มีศรีสุข', '1', NULL, NULL),
(4, '3160300586951', 'นายภานุวัฒน์ บุญราช', '1', NULL, NULL),
(5, '1120100107033', 'นางสาวเกษณี นาคเกิด', '2', 4, 7),
(6, '1300500065344', 'นางสาวพนิดา ปราบโจร', '2', 3, 9),
(7, '3770400041021', 'นางกนกวรรณ ตุรงคินานนท์', '2', 5, 3),
(8, '2300100021976', 'นายรณชัย ญาติฉิมพลี', '2', 5, 6),
(9, '2330500025014', 'นางสาวยุวรินทร์ พิชาธนาศิริภัทร์', '2', 2, 8),
(10, '3101203315388', 'นางสาวสุพินดา จุฑามาศ', '2', 6, 8),
(11, '3340600093711', 'นางสาววรกานต์ วงค์เข็ม', '2', 3, 2),
(12, '1101700152243', 'นางสาวอาลักษยา ลิ้มเกษตรสกุล', '2', 1, 8),
(13, '1310900084974', 'นางสาวเอราวัณ โสไธสง', '2', 1, 4),
(14, '5120100056431', 'นางสาวพิมพ์ผกา พรอำไพโกศล', '2', 2, 3),
(15, '1100800049419', 'นายธวัชชัย พนมวงศ์เกษม', '3', 6, 4),
(16, '1250200086975', 'นางสาวกัลยาณี พูลทรัพย์', '3', 6, 7),
(17, '3440900007762', 'นางพานทอง พิมสอน', '3', 2, 6),
(18, '1550700055278', 'นางสาววิจิตรา สอนทะ', '3', 4, 4),
(19, '3101701573800', 'นางสุขจิตต์ สินสมบูรณ์', '3', 2, 5),
(20, '1129900089160', 'นายธิชานนท์ ณ บางช้าง', '3', 4, 2),
(21, '1103701031140', 'นางสาวปรายทิพย์ ถึงสุข', '3', 3, 5),
(22, '1340200110719', 'นายพัฒนพงษ์ นามพิมพ์', '3', 5, 4),
(23, '1103700217398', 'นางสาวพงษ์สุภา ธูปเทียน', '3', 5, 6),
(24, '1620500194435', 'นางสาวกัลยาณี ลิ้มเกษมพันธุ์', '3', 3, 1),
(25, '1339900291251', 'นางสาวหนูดี ประจิตร', '3', 1, 9),
(26, '1560300167672', 'นางสาวทิพวรรณ ขันชุมภู', '3', 2, 9),
(27, '1369900316342', 'นางสาวรพีพรรณ ปัญญา', '3', 3, 9),
(28, '1219900601587', 'นางสาวชลิตา ทองวิลัย', '3', 1, 1),
(29, '5219433000000', 'MRS.ALBIN GUTANG BUSBUS', '3', NULL, NULL),
(30, '3720500399105', 'นางสาวรัตติกาล ฉิมพาลี', '4', 1, 1),
(31, '3101600774028', 'นางอรสา เรืองไรรัตนโรจน์', '4', 4, 6),
(32, '1930700039571', 'นางสาวจารุรัตน์ แก้วรอด', '4', 5, 2),
(33, '3600200345965', 'นางกนกศรี นาคะไพบูลย์', '4', 4, 1),
(34, '3120100783574', 'นางสาริณี วังธนะรุ่งโรจน์', '4', 6, 3),
(35, '3100200447649', 'นางสาวพรรณิภา กิจเอก', '4', 4, 3),
(36, '3129900015421', 'นายคณิน นาคะไพบูลย์', '4', 6, 1),
(37, '3120100166761', 'นายทศพร ระงับภัย', '4', 3, 8),
(38, '1450400122507', 'นางสาวจิรภา นามนัย', '4', 5, 1),
(39, '1709900626143', 'นางสาวศศิธร กาหลง', '4', 6, 2),
(40, '1102001090266', 'นางสาวน้ำตาล โชติชื่น', '4', 5, 3),
(41, '1319900249882', 'นายกฤษณพน ทับประโคน', '4', 3, 1),
(42, '1103701485043', 'นางสาวจูลจุฬา มูลไธสง', '4', 1, 3),
(43, '1500200162148', 'นายภาณุวิชญ์ โปธายี่', '4', 2, 1),
(44, '1369900287571', 'นางสาวสาวิตรี ชนะพาล', '4', 2, 5),
(45, '3720901120128', 'นางนฏยกรณ์ ทวาสิโก', '4', 5, 2),
(46, '1410900073777', 'นายจิตติศักดิ์ แวงคำ', '4', 1, 5),
(47, '1122334455667', 'นายสุรเชษฐ์ วงษ์จำปา', '4', 4, 8),
(48, '3330900873541', 'นายยุทธนา ศรีอำนาจ', '4', 3, 5),
(49, '0708409000000', 'MISS JONAH MAE ALON BACUS', '4', NULL, NULL),
(54, '1102000554536', 'นางสาววิมล ทองผิว', '5', 5, 7),
(55, '1759900142561', 'นายรัมม์ รัตน์วิจิตต์เวช', '5', 4, 6),
(56, '3120300043604', 'นายพนา ครุฑบุตร', '5', 5, 5),
(57, '1331000191554', 'นางสาวไพลิน ศรีมูล', '5', 1, 7),
(58, '1359900053724', 'นางสาวพัชรา กุสโร', '5', 2, 9),
(59, '1459900392552', 'นางสาวมัลทินี วังคะฮาด', '5', 1, 4),
(60, '1440800191590', 'นางสาวชฎาภรณ์ ปิยะวงษ์', '5', 2, 2),
(61, '1103100193943', 'นายณรงค์ศักดิ์ เดือนขาว', '5', 1, 8),
(62, '1939900220650', 'นางสาวปิยนันท์ ชูรักษ์', '5', 3, 3),
(63, '1420900147835', 'นายพงษ์ศักดิ์ หาจักร', '5', 3, 4),
(64, '3100100515952', 'นางพรรณลักษณ์ ศรีธนเศวต', '6', 6, 4),
(65, '5120100072640', 'นางสาวรสริน เอมรุจิ', '6', 1, 2),
(66, '1321000275758', 'นายจักรพันธุ์ วรรณบุตร', '6', 1, 6),
(67, '1103700475559', 'นายอรรถพล บรรจง', '6', 3, 6),
(68, '1129900051120', 'นายวรวิทย์ โตมั่นคง', '6', 2, 7),
(69, '3800800073361', 'นายชัยวัฒน์ พุมดวง', '7', 6, 6),
(70, '3100502747262', 'นางสาวปริดา ไวทยะเสวี', '7', 1, 7),
(71, '3129900002915', 'นางกนกวรรณ บุญปลูก', '7', 4, 2),
(72, '3120100560605', 'นายนิยม สุขสกิจ', '7', 1, 3),
(73, '3100200218518', 'นางทิพวรรณ สุขสกิจ', '7', 3, 2),
(74, '3120600400453', 'นางสาวฐนันญา ปานนิ่ม', '7', 1, 6),
(75, '1409900877351', 'นางสาวธนสุชาพร มิ่งขวัญ', '7', 2, 4),
(76, '1120100137790', 'นายแก้วบัณฑิต เฉยชอบ', '7', 2, 6),
(77, '1909900123824', 'นายกมลชัย แก้วศรี', '7', 2, 8),
(78, '3120100079958', 'นายราชัน ขุนทอง', '7', 3, 7),
(79, '3120101317569', 'นางสาวธิดารัตน์ สังเกตุ', '8', 4, 5),
(80, '1100200063861', 'นายฐิติพัฒน์ บวรศักดิ์โยธิน', '8', 6, 5),
(81, '1180200032256', 'นางสาวอคศิ อินทร์โต', '8', 1, 2),
(82, '3100203482208', 'นายสุธี ธนบดีศรีสุข', '8', 3, 10),
(83, '3960500283032', 'นางสาวศิริรัตน์ พูลศรีกาญจน์', '8', 2, 7),
(84, '4100200007191', 'นางสาวทิพวรรณ์ วีระวัฒน์โยธิน', '8', 1, 5),
(85, '3120101126933', 'นายสิทธิพร ประทีปแก้ว', '8', 6, 7),
(86, '1320300201325', 'นายทักษิณ คาโส', '8', 4, 7),
(87, '3120100525583', 'นายดิษพงศ์ เหมือนแจ่ม', '8', 2, 10),
(88, '1100701747461', 'นายจักษุพัฒน์ ผึ้งแตง', '8', 3, 4),
(89, '5520700006199', 'นางสาวจารุวรรณ จันหอม', '9', 4, 8),
(90, '3100202383818', 'นายอุทัย เดชธนสมบัติ', '9', 2, 4),
(91, '2809700016900', 'นางสาววิมลเมธ สีสุกไสย', '9', 6, 6),
(92, '3321200093536', 'นางศศิธร ระดม', '9', 5, 8),
(93, '1449900192537', 'นางสาวมลิวัลย์ พลเสน', '9', 3, 10),
(94, '1301400186558', 'นายสุรพงศ์ ชุ่มจังหรีด', '9', 3, 7),
(95, '1600100663632', 'นางสาวฐิตา สุวรรณ์', '9', 6, 8),
(96, '3160301137742', 'นางสาวรัชนีกร ทองดี', '9', 2, 10),
(97, '1479900202541', 'นางสาวมาริษา พรมไพสน', '9', 3, 8),
(98, '1101200048358', 'นางสาววิมลรัตน์ สนั่นสุข', '9', 1, 10),
(99, '7787489000000', 'MRS.MARY ANN ALMEDA MELECIO', '9', NULL, NULL),
(100, '5393999000000', 'MISS FLORA MAE NEPOMUCENO JAINAR', '9', NULL, NULL),
(101, '4587631000000', 'MISS MARY WINSOME ANN SANTACERA', '9', NULL, NULL),
(102, '8129900000344', 'MRS. WILMA NGAMANTIVONG', '9', NULL, NULL),
(103, '5479279000000', 'MISS MA JIAXIN', '9', NULL, NULL),
(104, '1160100183350', 'นายวัชรินทร์ ทิมเม่น', '10', 5, 8),
(105, '3860100202591', 'นางกมลวรรณ กลอยเทพ', '10', 6, 5),
(106, '3730200686044', 'นางสาวฐิตาภรณ์ สายสวาท', '10', 1, 9),
(107, '3331000501941', 'นางสาวสิริวิชญา อินทร์พิมพ์', '10', 3, 6),
(108, '1100801177763', 'นางสาววงศ์ณภัทร ศิริวชิโรวัฒน์', '10', 2, 3),
(109, '5330100082716', 'นางสาวรฐสร จิตโชติ', '10', 4, 3),
(110, '1100200308278', 'นางสาวศิริยาภรณ์ บางนาค', '10', 2, 1),
(111, '3100502890197', 'นางนงค์ฐพร รังศิลป์', '10', 4, 1),
(112, '1259700133989', 'นางสาวผุสดี รำไพ', '10', 5, 7),
(113, '1119900599605', 'นางสาวกัญญา สีดา', '10', 3, 3),
(114, '3120100344376', 'นางเนตรนภิส บ้านศาลเจ้า', '10', 1, 10),
(115, '1129900443737', 'นางสาวกัลยาพร พัฒนแก้ว', '10', 2, 2);

-- --------------------------------------------------------

--
-- Table structure for table `team`
--

CREATE TABLE `team` (
  `id` int(11) NOT NULL,
  `group_name` varchar(100) DEFAULT NULL
) ENGINE=InnoDB DEFAULT CHARSET=utf8;

--
-- Dumping data for table `team`
--

INSERT INTO `team` (`id`, `group_name`) VALUES
(1, 'ผู้บริหาร'),
(2, 'กลุ่มสาระ ฯ ภาษาไทย'),
(3, 'กลุ่มสาระ ฯ คณิตศาสตร์'),
(4, 'กลุ่มสาระ ฯ วิทยาศาสตร์และเทคโนโลยี'),
(5, 'กลุ่มสาระ ฯ สังคมศึกษา ศาสนา และวัฒนธรรม'),
(6, 'กลุ่มสาระ ฯ สุขศึกษาและพลศึกษา'),
(7, 'กลุ่มสาระ ฯ ศิลปะ'),
(8, 'กลุ่มสาระ ฯ การงานอาชีพ'),
(9, 'กลุ่มสาระ ฯ ภาษาต่างประเทศ'),
(10, 'กลุ่มสาระ ฯ กิจกรรมพัฒนาผู้เรียน'),
(11, 'มัธยมศึกษาปีที่ 7');

--
-- Indexes for dumped tables
--

--
-- Indexes for table `class`
--
ALTER TABLE `class`
  ADD PRIMARY KEY (`id`);

--
-- Indexes for table `course`
--
ALTER TABLE `course`
  ADD PRIMARY KEY (`id`);

--
-- Indexes for table `dataadmin`
--
ALTER TABLE `dataadmin`
  ADD PRIMARY KEY (`id`);

--
-- Indexes for table `data_logo`
--
ALTER TABLE `data_logo`
  ADD PRIMARY KEY (`id`);

--
-- Indexes for table `data_logo_login`
--
ALTER TABLE `data_logo_login`
  ADD PRIMARY KEY (`id`);

--
-- Indexes for table `data_system`
--
ALTER TABLE `data_system`
  ADD PRIMARY KEY (`id`);

--
-- Indexes for table `homeroom`
--
ALTER TABLE `homeroom`
  ADD PRIMARY KEY (`id`);

--
-- Indexes for table `room`
--
ALTER TABLE `room`
  ADD PRIMARY KEY (`id`);

--
-- Indexes for table `subject`
--
ALTER TABLE `subject`
  ADD PRIMARY KEY (`id`);

--
-- Indexes for table `teacher`
--
ALTER TABLE `teacher`
  ADD PRIMARY KEY (`id`);

--
-- Indexes for table `team`
--
ALTER TABLE `team`
  ADD PRIMARY KEY (`id`);

--
-- AUTO_INCREMENT for dumped tables
--

--
-- AUTO_INCREMENT for table `class`
--
ALTER TABLE `class`
  MODIFY `id` int(1) NOT NULL AUTO_INCREMENT, AUTO_INCREMENT=7;

--
-- AUTO_INCREMENT for table `course`
--
ALTER TABLE `course`
  MODIFY `id` int(11) NOT NULL AUTO_INCREMENT, AUTO_INCREMENT=198;

--
-- AUTO_INCREMENT for table `dataadmin`
--
ALTER TABLE `dataadmin`
  MODIFY `id` int(11) NOT NULL AUTO_INCREMENT, AUTO_INCREMENT=2;

--
-- AUTO_INCREMENT for table `data_logo`
--
ALTER TABLE `data_logo`
  MODIFY `id` int(11) NOT NULL AUTO_INCREMENT, AUTO_INCREMENT=2;

--
-- AUTO_INCREMENT for table `data_logo_login`
--
ALTER TABLE `data_logo_login`
  MODIFY `id` int(11) NOT NULL AUTO_INCREMENT, AUTO_INCREMENT=2;

--
-- AUTO_INCREMENT for table `data_system`
--
ALTER TABLE `data_system`
  MODIFY `id` int(11) NOT NULL AUTO_INCREMENT, AUTO_INCREMENT=2;

--
-- AUTO_INCREMENT for table `homeroom`
--
ALTER TABLE `homeroom`
  MODIFY `id` int(11) NOT NULL AUTO_INCREMENT, AUTO_INCREMENT=3;

--
-- AUTO_INCREMENT for table `room`
--
ALTER TABLE `room`
  MODIFY `id` int(2) NOT NULL AUTO_INCREMENT, AUTO_INCREMENT=11;

--
-- AUTO_INCREMENT for table `subject`
--
ALTER TABLE `subject`
  MODIFY `id` int(11) NOT NULL AUTO_INCREMENT, AUTO_INCREMENT=17;

--
-- AUTO_INCREMENT for table `teacher`
--
ALTER TABLE `teacher`
  MODIFY `id` int(11) NOT NULL AUTO_INCREMENT, AUTO_INCREMENT=116;

--
-- AUTO_INCREMENT for table `team`
--
ALTER TABLE `team`
  MODIFY `id` int(11) NOT NULL AUTO_INCREMENT, AUTO_INCREMENT=12;
COMMIT;

/*!40101 SET CHARACTER_SET_CLIENT=@OLD_CHARACTER_SET_CLIENT */;
/*!40101 SET CHARACTER_SET_RESULTS=@OLD_CHARACTER_SET_RESULTS */;
/*!40101 SET COLLATION_CONNECTION=@OLD_COLLATION_CONNECTION */;
